Participant ID,Employment Status,UK Region,Response
P001,Unemployed,Scotland,"The government should focus on providing more comprehensive job training programs. They need to invest in upskilling the workforce to match current market demands. Additionally, improving access to mental health support for the unemployed could help many overcome barriers to finding work."
P002,Employed,North West,"I believe the government should create more incentives for businesses to hire and train unemployed individuals. They could offer tax breaks or subsidies to companies that participate in such programs. However, there should also be a time limit on unemployment benefits to encourage active job seeking."
P003,Self-employed,London,"The government needs to address the root causes of unemployment, such as lack of education and skills mismatch. They should invest more in vocational training and apprenticeship programs. Additionally, they should work on creating a more business-friendly environment to stimulate job creation."
P004,Unemployed,Wales,"The government should increase unemployment benefits to provide better support during job searches. They should also extend the duration of these benefits, especially given the current economic climate. Furthermore, they need to address the growing issue of underemployment and gig economy instability."
P005,Employed,South East,"I think the government is already doing too much. People need to take more responsibility for their own employment situation. If they can't find a job, they should be willing to relocate or retrain for in-demand fields. The government should focus on creating a strong economy instead of handouts."
P006,Retired,East Midlands,The government should focus on creating more opportunities for older unemployed individuals. Age discrimination in hiring practices needs to be addressed more seriously. They should also consider providing specialized training programs tailored to the needs of older workers re-entering the job market.
P007,Unemployed,Northern Ireland,"The government needs to address the healthcare backlog that's preventing many unemployed people from being fit for work. I've been waiting months for a necessary surgery, which is delaying my ability to seek employment. They should invest more in the NHS to reduce these waiting times and get people back to work faster."
P008,Employed,South West,The government should implement a universal basic income to provide a safety net for all citizens. This would allow unemployed individuals to focus on finding meaningful work or starting businesses without the stress of immediate financial ruin. It could also stimulate the economy by increasing consumer spending.
P009,Unemployed,Yorkshire and the Humber,"The government needs to create more public sector jobs, especially in economically depressed areas. They should invest in infrastructure projects that could provide employment opportunities. Additionally, they need to improve public transportation to help people access jobs in different areas."
P010,Self-employed,East of England,"The government should focus on supporting small businesses and entrepreneurs, as they are key job creators. They should offer more grants and low-interest loans to startups and small businesses. Additionally, they need to simplify the tax system and reduce bureaucracy for small business owners."
P011,Unemployed,West Midlands,"The government needs to address the growing automation in various industries. They should invest in retraining programs specifically designed for workers displaced by technology. Additionally, they should consider implementing policies to ensure that the benefits of automation are shared more equally across society."
P012,Employed,North East,"I think the government should focus on creating a stronger economy overall. By attracting more businesses and investment, they can naturally create more job opportunities. However, they should also ensure that workers' rights are protected and that new jobs offer fair wages and conditions."
P013,Unemployed,Scotland,"The government should provide more support for mental health services. Many long-term unemployed individuals struggle with depression and anxiety, which can be significant barriers to finding work. They should also consider implementing a job guarantee program to ensure everyone has access to meaningful employment."
P014,Employed,London,"The government needs to address the skills gap in the job market. They should work more closely with industries to identify needed skills and create targeted training programs. However, individuals also need to take responsibility for continually updating their skills to remain employable."
P015,Unemployed,Wales,"The government should focus on regional development to create more job opportunities outside of major cities. They need to invest in rural and post-industrial areas to prevent brain drain and reduce unemployment in these regions. Additionally, they should improve digital infrastructure to enable more remote working opportunities."
P016,Self-employed,South East,The government should reduce regulations and taxes on small businesses to encourage entrepreneurship. They should also provide more support and mentoring programs for people looking to start their own businesses. This could help create more job opportunities and reduce unemployment in the long run.
P017,Unemployed,Northern Ireland,"The government needs to address the issue of zero-hour contracts and underemployment. Many people are technically employed but don't have enough hours or stable income. They should implement policies to encourage more full-time, stable employment opportunities."
P018,Employed,North West,"I believe the government should focus on improving education from an early age. By ensuring children have access to quality education and career guidance, we can prevent future unemployment. They should also work on reducing university tuition fees to make higher education more accessible."
P019,Unemployed,East Midlands,"The government should provide more support for people with disabilities seeking employment. They need to enforce anti-discrimination laws more strictly and provide incentives for companies to create more inclusive workplaces. Additionally, they should improve accessibility in public spaces and transportation to make it easier for people with disabilities to work."
P020,Retired,South West,"The government should focus on creating more part-time and flexible job opportunities, especially for older workers and parents. They should incentivize companies to offer these types of positions. This could help reduce unemployment by making work more accessible to a wider range of people."
P021,Unemployed,Yorkshire and the Humber,"The government needs to address the housing crisis, which is a significant barrier to employment for many. High rents and lack of affordable housing often trap people in areas with few job opportunities. They should invest in social housing and implement rent controls to make it easier for people to relocate for work."
P022,Employed,East of England,I think the government should focus on supporting green industries and sustainable technologies. This could create new job opportunities while also addressing climate change. They should provide training programs and incentives for workers to transition into these growing sectors.
P023,Unemployed,West Midlands,The government should increase funding for adult education and lifelong learning programs. Many unemployed individuals need to retrain or gain new qualifications to re-enter the job market. They should also consider forgiving student loan debt to give people more financial freedom to pursue new career paths.
P024,Self-employed,North East,"The government needs to provide more support for the self-employed and gig economy workers. They should improve access to benefits and protections for these workers. Additionally, they should offer more training and resources for people looking to start their own businesses or become freelancers."
P025,Unemployed,Scotland,"The government should focus on creating more apprenticeship programs, especially in trades and technical fields. They need to work with unions and employers to ensure these programs provide quality training and fair compensation. This could help address skills shortages while providing clear career paths for unemployed individuals."
P026,Employed,London,"I believe the government should implement stricter regulations on companies outsourcing jobs overseas. They need to create incentives for businesses to keep jobs within the UK. However, they should also focus on improving productivity and innovation to keep UK businesses competitive globally."
P027,Unemployed,Wales,"The government needs to address the issue of long-term unemployment more effectively. They should provide specialized support and counseling for those who have been out of work for extended periods. Additionally, they should consider implementing a public works program to provide temporary employment and work experience."
P028,Retired,South East,The government should focus on promoting intergenerational mentoring and knowledge transfer programs. Retired individuals could share their skills and experience with unemployed younger people. This could help bridge the skills gap while also providing valuable social connections for both groups.
P029,Unemployed,Northern Ireland,The government needs to improve access to childcare to enable more parents to enter the workforce. They should subsidize childcare costs and encourage the creation of more nurseries and after-school programs. This would particularly benefit single parents who often face significant barriers to employment.
P030,Employed,North West,"I think the government should focus on promoting entrepreneurship education in schools. By teaching business skills from a young age, we could create a more enterprising culture and reduce future unemployment. They should also provide more support for young entrepreneurs through mentoring programs and startup grants."
P031,Unemployed,East Midlands,The government should address the issue of age discrimination in hiring practices more aggressively. They need to enforce existing laws more strictly and perhaps implement additional protections for older job seekers. They should also provide more support for mid-career changes and retraining programs tailored to older workers.
P032,Self-employed,South West,The government needs to simplify the benefits system for self-employed individuals. The current system is too complex and doesn't provide adequate support during lean periods. They should also consider providing tax incentives for established businesses to mentor and subcontract to new self-employed individuals.
P033,Unemployed,Yorkshire and the Humber,"The government should focus on improving digital literacy and tech skills across all age groups. Many jobs now require basic digital skills, and this is a barrier for some unemployed individuals. They should provide free or low-cost training programs in these essential skills."
P034,Employed,East of England,"I believe the government should work on reducing the stigma associated with unemployment. They should run public awareness campaigns and provide more support for mental health issues related to job loss. However, they also need to ensure that the benefits system doesn't disincentivize work."
P035,Unemployed,West Midlands,"The government needs to address the issue of unpaid internships, which can exploit young workers and exclude those who can't afford to work for free. They should enforce minimum wage laws for internships and provide subsidies for small businesses to offer paid internships to unemployed individuals."
P036,Employed,North East,"The government should focus on promoting work-life balance and reducing overtime culture. By encouraging companies to hire more people for fewer hours each, we could distribute available work more evenly. This could help reduce both unemployment and burnout among the employed."
P037,Unemployed,Scotland,"The government needs to provide more support for people with criminal records seeking employment. They should work with employers to create more second-chance hiring programs and provide incentives for companies that participate. Additionally, they should invest in rehabilitation and skills training programs in prisons."
P038,Self-employed,London,"The government should focus on supporting the creative industries, which can be a significant source of jobs and economic growth. They should provide more funding for arts education and offer tax incentives for creative businesses. This could help create more diverse job opportunities, especially for young people."
P039,Unemployed,Wales,"The government needs to address the issue of seasonal unemployment in tourist-dependent areas. They should work on diversifying local economies and provide support for year-round business opportunities. Additionally, they should improve off-season training and education opportunities for seasonal workers."
P040,Employed,South East,"I think the government is already doing too much. People need to take more responsibility for their own employment situation. If someone can't find a job, they should be willing to move or accept a lower-paying position. The focus should be on creating a strong economy, not on providing handouts."
P041,Unemployed,Northern Ireland,The government should focus on improving transportation infrastructure to connect areas of high unemployment with areas of job growth. They need to invest in affordable and reliable public transportation options. This could help people access job opportunities that are currently out of reach due to transportation barriers.
P042,Retired,North West,"The government needs to address the pension crisis, which is forcing many older people to seek employment. They should ensure that pensions are adequate and protected. Additionally, they should create more part-time and flexible job opportunities suitable for retirees who need or want to supplement their income."
P043,Unemployed,East Midlands,"The government should provide more support for social enterprises and cooperatives. These types of businesses often prioritize job creation and can provide employment opportunities for disadvantaged groups. They should offer grants, low-interest loans, and technical assistance to help these organizations grow and create more jobs."
P044,Employed,South West,"I believe the government should focus on promoting fair trade and ethical consumption. By supporting businesses that prioritize fair labor practices, we can create more quality job opportunities both domestically and internationally. They should also consider implementing a tax on companies that exploit workers or use sweatshop labor."
P045,Unemployed,Yorkshire and the Humber,"The government needs to address the growing gig economy and ensure that these workers have adequate protections and benefits. They should clarify the employment status of gig workers and ensure they have access to sick pay, holiday pay, and other basic rights. This could help reduce underemployment and improve job quality."
P046,Self-employed,East of England,"The government should focus on reducing bureaucracy and simplifying regulations for small businesses. The current system is too complex and time-consuming, which can be a barrier to hiring. They should also provide more support and resources to help small businesses navigate employment laws and regulations."
P047,Unemployed,West Midlands,"The government needs to address the issue of automation and its impact on employment. They should work with industries to develop strategies for retraining and redeploying workers affected by automation. Additionally, they should consider implementing policies to ensure that the benefits of automation are shared more broadly across society."
P048,Employed,North East,"I think the government should focus on promoting STEM education and careers. There's a shortage of workers in many technical fields, which is holding back economic growth. They should provide more funding for STEM programs in schools and universities, and create incentives for people to pursue these careers."
P049,Unemployed,Scotland,"The government should provide more support for people with mental health issues seeking employment. They need to improve access to therapy and counseling services, and work with employers to create more supportive work environments. Additionally, they should strengthen protections against discrimination based on mental health status."
P050,Employed,London,"The government needs to address the issue of overqualification and degree inflation. Many jobs now require degrees unnecessarily, which can exclude capable candidates without formal qualifications. They should work with employers to promote skills-based hiring practices and provide alternative pathways to career advancement."
P051,Unemployed,Wales,The government should focus on promoting sustainable tourism and eco-friendly industries in rural areas. This could create new job opportunities while also protecting the environment. They should provide training programs and incentives for people to start businesses in these sectors.
P052,Self-employed,South East,The government needs to improve access to healthcare for self-employed individuals. The current system can be a significant barrier to self-employment for many people. They should consider implementing a public option or improving subsidies for health insurance for the self-employed.
P053,Unemployed,Northern Ireland,"The government should focus on creating more inclusive workplaces for neurodiverse individuals. They should provide education and incentives for employers to hire and support people with conditions like autism or ADHD. Additionally, they should fund more research into best practices for neurodiverse employment."
P054,Employed,North West,I believe the government should implement a four-day work week. This could help distribute available work more evenly and reduce unemployment. They should start with the public sector and provide incentives for private companies to follow suit. This could also improve work-life balance and productivity.
P055,Unemployed,East Midlands,"The government needs to address the issue of workplace harassment and discrimination, which can push people out of jobs and into unemployment. They should strengthen enforcement of existing laws and provide better support for victims. Additionally, they should mandate anti-discrimination training in all workplaces."
P056,Retired,South West,The government should focus on creating more intergenerational workplaces. They should provide incentives for companies that maintain a diverse age range in their workforce. This could help reduce age discrimination and allow for valuable knowledge transfer between generations.
P057,Unemployed,Yorkshire and the Humber,"The government needs to improve support for homeless individuals seeking employment. They should provide more funding for programs that offer job training, interview clothing, and other resources to help homeless people find work. Additionally, they need to address the housing crisis to prevent employment-related homelessness."
P058,Employed,East of England,I think the government should focus on promoting employee ownership and profit-sharing schemes. This could help create more engaged workforces and reduce income inequality. They should provide tax incentives for companies that implement these types of programs.
P059,Unemployed,West Midlands,"The government should provide more support for people looking to relocate for work. They could offer relocation grants or loans to help with moving costs. Additionally, they should work on improving affordable housing options in areas with job opportunities."
P060,Self-employed,North East,"The government needs to address the issue of late payments, which can cause significant problems for self-employed individuals and small businesses. They should enforce stricter penalties for large companies that consistently pay invoices late. This could help improve cash flow and stability for many self-employed workers."
P061,Unemployed,Scotland,"The government should focus on creating more green jobs to address both unemployment and climate change. They need to invest in renewable energy projects and provide training programs for these new industries. Additionally, they should offer incentives for companies that prioritize sustainable practices and job creation."
P062,Employed,London,"I believe the government should implement stricter regulations on zero-hour contracts. While they provide flexibility for some, they often lead to income instability and underemployment. The government should ensure that workers on these contracts have more rights and protections."
P063,Unemployed,Wales,The government needs to address the digital divide that's exacerbating unemployment in rural areas. They should invest in broadband infrastructure and provide digital skills training. This could open up remote working opportunities and help revitalize rural economies.
P064,Self-employed,South East,"The government should provide more support for freelancers and gig economy workers during economic downturns. They need to create a safety net that acknowledges the unique challenges of irregular income. Additionally, they should work on ensuring fair competition between traditional employees and gig workers."
P065,Unemployed,Northern Ireland,"The government should focus on creating more supported employment opportunities for people with disabilities. They need to provide better incentives for employers and improve workplace accessibility standards. Additionally, they should increase funding for job coaches and other support services."
P066,Employed,North West,"I think the government needs to address the issue of in-work poverty. Many employed people are struggling due to low wages and high living costs. They should focus on enforcing and increasing the minimum wage, as well as providing more support for low-income workers."
P067,Unemployed,East Midlands,"The government should invest more in adult education and lifelong learning programs. Many people need to retrain or gain new qualifications to re-enter the job market. They should make these programs more accessible and affordable, especially for those who are unemployed."
P068,Retired,South West,The government needs to create more opportunities for gradual retirement and knowledge transfer. They should incentivize companies to offer phased retirement programs. This could help reduce unemployment by creating openings for younger workers while retaining valuable experience.
P069,Unemployed,Yorkshire and the Humber,The government should focus on supporting local economies and community-owned businesses. They should provide grants and low-interest loans for community enterprises. This could help create jobs that are more resilient to economic fluctuations and outsourcing.
P070,Employed,East of England,I believe the government should implement policies to reduce job polarization. They need to support the creation of middle-skill jobs and provide training programs to help workers transition into these roles. This could help address both unemployment and income inequality.
P071,Unemployed,West Midlands,"The government needs to improve support for ex-offenders seeking employment. They should expand programs that provide job training and placement services for those leaving prison. Additionally, they should offer incentives to employers who hire ex-offenders and give them a second chance."
P072,Self-employed,North East,"The government should focus on promoting entrepreneurship in underserved communities. They should provide targeted support, mentoring, and microloans to help people start businesses in economically disadvantaged areas. This could help create jobs and stimulate local economies."
P073,Unemployed,Scotland,"The government needs to address the issue of skills mismatch more effectively. They should work closer with industries to identify skills gaps and create targeted training programs. Additionally, they should improve career guidance services to help people make informed decisions about their education and training."
P074,Employed,London,I think the government should focus on promoting fair scheduling practices. Unpredictable work schedules can make it difficult for people to maintain stable employment or pursue education. They should implement regulations to ensure workers have more predictable and flexible schedules.
P075,Unemployed,Wales,The government should provide more support for social enterprises and businesses with a social mission. They should offer tax incentives and grants for organizations that prioritize job creation for disadvantaged groups. This could help create more meaningful employment opportunities.
P076,Self-employed,South East,"The government needs to improve financial education and support for the self-employed. Many people struggle with the financial aspects of self-employment, such as taxes and budgeting for irregular income. They should provide free courses and resources to help people navigate these challenges."
P077,Unemployed,Northern Ireland,"The government should focus on creating more opportunities in the care sector. With an aging population, there's growing demand for care workers. They should improve pay and conditions in this sector to make these jobs more attractive and reduce unemployment."
P078,Employed,North West,I believe the government should implement stronger protections against age discrimination in hiring. Many older workers struggle to find employment due to biases. They should enforce existing laws more strictly and perhaps implement blind hiring practices in the public sector.
P079,Unemployed,East Midlands,"The government needs to address the issue of transport poverty, which can be a significant barrier to employment. They should invest in affordable and reliable public transportation, especially in rural and economically depressed areas. This could help people access more job opportunities."
P080,Retired,South West,The government should focus on creating more intergenerational mentoring programs. They could pair retired professionals with unemployed younger people for skills transfer and networking. This could help address youth unemployment while also providing meaningful engagement for retirees.
P081,Unemployed,Yorkshire and the Humber,"The government should provide more support for workers in declining industries. They need to offer retraining programs and transition assistance to help these workers move into growing sectors. Additionally, they should work on attracting new industries to areas affected by industrial decline."
P082,Employed,East of England,I think the government should focus on promoting employee wellbeing and mental health support in the workplace. Poor mental health can lead to job loss and difficulty finding employment. They should provide incentives for companies that implement comprehensive mental health programs.
P083,Unemployed,West Midlands,"The government needs to address the issue of algorithmic bias in hiring practices. As more companies use AI in recruitment, there's a risk of perpetuating existing inequalities. They should implement regulations to ensure these systems are fair and transparent."
P084,Self-employed,North East,"The government should focus on supporting the creative industries and freelance artists. They should provide more funding for arts education and offer tax incentives for creative businesses. This could help create more diverse job opportunities, especially for young people."
P085,Unemployed,Scotland,"The government needs to improve support for people with chronic illnesses seeking employment. They should strengthen workplace accommodation laws and provide better resources for managing health conditions while working. Additionally, they should address the healthcare backlog to help people get necessary treatments."
P086,Employed,London,"I believe the government should implement policies to reduce overwork and burnout. By encouraging a better work-life balance, we could potentially redistribute work more evenly and reduce unemployment. They should consider implementing maximum working hours or mandating additional vacation time."
P087,Unemployed,Wales,The government should focus on creating more apprenticeship opportunities in emerging industries. They need to work with businesses to develop programs that provide hands-on training and a clear path to employment. This could help address youth unemployment and skills shortages simultaneously.
P088,Self-employed,South East,The government needs to address the issue of late payments more effectively. Many self-employed individuals and small businesses struggle due to late-paying clients. They should implement stricter penalties for late payments and provide more support for recovering unpaid invoices.
P089,Unemployed,Northern Ireland,"The government should provide more support for people with caring responsibilities who want to work. They need to improve access to affordable childcare and eldercare services. Additionally, they should encourage more flexible working arrangements to accommodate carers."
P090,Employed,North West,"I think the government should focus on promoting fair wage practices and pay transparency. Many people are underemployed or underpaid, which contributes to in-work poverty. They should require companies to be more transparent about pay scales and work to reduce unjustified pay gaps."
P091,Unemployed,East Midlands,The government needs to address the issue of food insecurity among the unemployed. They should increase food assistance programs and consider implementing a universal basic income. No one should have to choose between looking for work and putting food on the table.
P092,Retired,South West,The government should focus on creating more opportunities for older workers to transition into mentoring or teaching roles. This could help address teacher shortages while providing meaningful work for retirees. They should offer accelerated teacher training programs for career-changers.
P093,Unemployed,Yorkshire and the Humber,The government should invest more in green infrastructure projects as a way to create jobs. They could launch a national home insulation program or expand renewable energy initiatives. This would help address both unemployment and climate change.
P094,Employed,East of England,I believe the government should implement stronger protections for whistleblowers. Fear of retaliation can keep people in toxic work environments or lead to long-term unemployment. Better protections could help create healthier workplaces and reduce job loss due to workplace issues.
P095,Unemployed,West Midlands,"The government needs to address the digital skills gap more aggressively. They should provide free or low-cost digital skills training programs, especially for older workers and those in rural areas. This could help many unemployed individuals access a wider range of job opportunities."
P096,Self-employed,North East,"The government should focus on reducing administrative burdens for small businesses and self-employed individuals. The current system is too complex and time-consuming, which can be a barrier to growth and hiring. They should simplify tax and regulatory processes."
P097,Unemployed,Scotland,"The government should provide more support for people with invisible disabilities seeking employment. They need to raise awareness among employers and provide better resources for workplace accommodations. Additionally, they should improve the work capability assessment process to better account for fluctuating conditions."
P098,Employed,London,I think the government should focus on promoting ethical AI and ensuring that automation doesn't lead to mass unemployment. They should invest in research on the societal impacts of AI and implement policies to ensure that the benefits of automation are shared broadly.
P099,Unemployed,Wales,"The government needs to address the issue of unpaid internships, which can exploit young workers and exclude those who can't afford to work for free. They should enforce minimum wage laws for internships and provide subsidies for small businesses to offer paid internships to unemployed individuals."
P100,Self-employed,South East,"The government should focus on supporting social entrepreneurs and businesses with a social mission. They should offer specialized grants, loans, and mentoring programs for these types of enterprises. This could help create more meaningful job opportunities while also addressing social issues."
P101,Unemployed,Northern Ireland,The government needs to improve support for refugees and asylum seekers seeking employment. They should streamline the process for recognizing foreign qualifications and provide more language and cultural integration support. This could help address labor shortages while providing opportunities for vulnerable populations.
P102,Employed,North West,I believe the government should implement policies to reduce regional economic disparities. They need to invest more in infrastructure and business development in economically depressed areas. This could help create more job opportunities outside of major cities and reduce the need for people to relocate for work.
P103,Unemployed,East Midlands,"The government should focus on promoting financial literacy and entrepreneurship education in schools. By teaching these skills from a young age, we could create a more resilient workforce and reduce future unemployment. They should also provide more support for young entrepreneurs."
P104,Retired,South West,"The government needs to address the pension crisis, which is forcing many older people to seek employment. They should ensure that pensions are adequate and protected. Additionally, they should create more part-time and flexible job opportunities suitable for retirees who need or want to supplement their income."
P105,Unemployed,Yorkshire and the Humber,The government should provide more support for workers in the gig economy. They need to clarify the employment status of gig workers and ensure they have access to basic protections and benefits. This could help reduce underemployment and improve job quality in this growing sector.
P106,Employed,East of England,I think the government should focus on promoting employee ownership and profit-sharing schemes. This could help create more engaged workforces and reduce income inequality. They should provide tax incentives for companies that implement these types of programs.
P107,Unemployed,West Midlands,"The government needs to improve support for people with criminal records seeking employment. They should work with employers to create more second-chance hiring programs and provide incentives for companies that participate. Additionally, they should invest in rehabilitation and skills training programs in prisons."
P108,Self-employed,North East,"The government should focus on supporting the night-time economy, which can be a significant source of jobs. They should work on policies to help this sector recover from the pandemic and thrive. This could help create more diverse job opportunities, especially for young people and creative professionals."
P109,Unemployed,Scotland,"The government should provide more support for people looking to start cooperatives or worker-owned businesses. They should offer specialized training, grants, and legal support for these alternative business models. This could help create more democratic and resilient workplaces."
P110,Employed,London,I believe the government should implement stricter regulations on the use of non-compete clauses in employment contracts. These can unfairly restrict workers' ability to find new jobs or start businesses. Limiting their use could help improve job mobility and reduce unemployment.